INSERT INTO public.exams(
	id, exam_name)
	VALUES 
	(100001000, 'Math Exam - Arithmetic'),
	(100002000, 'Math Exam - Geometry');
	
	
INSERT INTO public.questions(
	id, ordinal_number, question, exam_id)
	VALUES 
	(100001001, 1, '5 + 5 =', 100001000),
	(100001002, 2, '7 * 8 =', 100001000),
	(100001003, 3, '153 / 9 = ', 100001000);
	
INSERT INTO public.questions(
	id, ordinal_number, question, exam_id)
	VALUES 
	(100002001, 1, 'Как рассчитать площадь круга?', 100002000),
	(100002002, 2, 'Как рассчитать площадь квадрата?', 100002000),
	(100002003, 3, 'Как рассчитать площадь треугольника?', 100002000);
	
	
INSERT INTO public.answers(
	id, option_number, answer, is_correct, question_id)
	VALUES 
	(1, 1, '15', 'n', 100001001),
	(2, 2, '10', 'y', 100001001),
	(3, 3, '5', 'n', 100001001)
	(4, 1, '72', 'n', 100001002),
	(5, 2, '63', 'n', 100001002),
	(6, 3, '56', 'y', 100001002),
	(7, 4, '54', 'n', 100001002),
	(8, 5, '65', 'n', 100001002),
	(9, 1, '16', 'n', 100001003),
	(10, 2, '17', 'y', 100001003),
	(11, 3, '18', 'n', 100001003),
	(12, 1, '2Pi * R^3', 'n', 100002001),
	(13, 2, '2Pi * R^2', 'y', 100002001),
	(14, 1, '2a', 'n', 100002002),
	(15, 2, 'a^2', 'y', 100002002),
	(16, 1, '1/2bh^2', 'n', 100002003),
	(17, 2, '1/2bh', 'y', 100002003);
	
	
INSERT INTO public.students(
	id, first_name, second_name, last_name)
	VALUES 
	(1, 'Ученик', 'Петрович', 'Первый'),
	(2, 'Ученик', 'Петрович', 'Второй');
	
	
INSERT INTO public.results(
	student_id, exam_id, question_id, selected_option_number)
	VALUES 
	(1, 100001000, 100001001, 2),
	(1, 100001000, 100001002, 3),
	(1, 100001000, 100001003, 2),
	(1, 100002000, 100002001, 2),
	(1, 100002000, 100002002, 2),
	(1, 100002000, 100002003, 2),
	(2, 100001000, 100001001, 2),
	(2, 100001000, 100001002, 4),
	(2, 100001000, 100001003, 2),
	(2, 100002000, 100002001, 1),
	(2, 100002000, 100002002, 2),
	(2, 100002000, 100002003, 2);
	
	
INSERT INTO public.exam_estimations(
	student_id, exam_id, estimation)
	VALUES 
	(1, 100001000, 'PERFECT'),
	(1, 100002000, 'PERFECT'),
	(2, 100001000, 'GOOD'),
	(2, 100002000, 'GOOD');